id;phrase_en;phrase_sk;example_1;example_2;example_3
1;I didn’t realize how serious this was.;Nevšimol som si, aké vážne to bolo.;;;
2;She’s trying to figure out what went wrong.;Snaží sa zistiť, čo sa pokazilo.;;;
3;They need more time to make a final decision.;Potrebujú viac času na konečné rozhodnutie.;;;
4;We weren’t prepared for this situation.;Neboli sme pripravení na túto situáciu.;;;
5;You might want to think about your options.;Možno by si mal premyslieť svoje možnosti.;;;
6;I’m not sure how to handle this problem.;Nie som si istý, ako riešiť tento problém.;;;
7;He didn’t expect this to take so long.;Neočakával, že to bude trvať tak dlho.;;;
8;She’s looking for a way to improve her results.;Hľadá spôsob, ako zlepšiť svoje výsledky.;;;
9;They’re working on something important.;Pracujú na niečom dôležitom.;;;
10;We need to find out what happened.;Musíme zistiť, čo sa stalo.;;;
11;I’m trying to focus on what matters most.;Snažím sa sústrediť na to, čo je najdôležitejšie.;;;
12;You don’t have to decide right now.;Nemusíš sa rozhodnúť hneď teraz.;;;
13;He wants to avoid making the same mistake.;Chce sa vyhnúť tomu, aby urobil tú istú chybu.;;;
14;She’s not ready to talk about this yet.;Ešte nie je pripravená o tom hovoriť.;;;
15;They weren’t aware of the consequences.;Neuvedomovali si dôsledky.;;;
16;We should take a closer look at this issue.;Mali by sme sa na tento problém pozrieť bližšie.;;;
17;I wasn’t planning to deal with this today.;Nepočítal som s tým, že sa tým budem zaoberať dnes.;;;
18;You need to understand the bigger picture.;Musíš pochopiť širší kontext.;;;
19;He’s trying to improve his performance.;Snaží sa zlepšiť svoj výkon.;;;
20;She didn’t mean to cause any problems.;Nemala v úmysle spôsobiť žiadne problémy.;;;
21;They’re waiting to see how this develops.;Čakajú, ako sa to vyvinie.;;;
22;We need to make sure that everything is correct.;Musíme sa uistiť, že je všetko správne.;;;
23;I’m not comfortable with this decision.;Necítim sa dobre s týmto rozhodnutím.;;;
24;You might be right about this.;Možno máš pravdu.;;;
25;He needs to figure out what to do next.;Potrebuje zistiť, čo robiť ďalej.;;;
26;She’s hoping things will get better.;Dúfa, že sa veci zlepšia.;;;
27;They weren’t expecting this result.;Neočakávali tento výsledok.;;;
28;We’re trying to find a better way to do this.;Snažíme sa nájsť lepší spôsob, ako to urobiť.;;;
29;I don’t want to risk losing this opportunity.;Nechcem riskovať stratu tejto príležitosti.;;;
30;You should consider all possibilities.;Mali by ste zvážiť všetky možnosti.;;;
31;He wasn’t sure what to expect from this situation.;Nebol si istý, čo očakávať od tejto situácie.;;;
32;She’s working on improving her skills.;Pracuje na zlepšení svojich schopností.;;;
33;They need to deal with this problem.;Potrebujú sa vysporiadať s týmto problémom.;;;
34;We didn’t realize how difficult this would be.;Neuvedomili sme si, aké to bude ťažké.;;;
35;I’m trying to understand your point of view.;Snažím sa pochopiť tvoj pohľad.;;;
36;You need to be careful with this.;Musíš byť s tým opatrný.;;;
37;He wants to make progress on this project.;Chce dosiahnuť pokrok v tomto projekte.;;;
38;She wasn’t ready for this conversation.;Nebola pripravená na tento rozhovor.;;;
39;They’re trying to avoid any delays.;Snažia sa vyhnúť akýmkoľvek oneskoreniam.;;;
40;We should focus on what’s important.;Mali by sme sa sústrediť na to, čo je dôležité.;;;
41;I need to think about this carefully.;Musím si to dôkladne premyslieť.;;;
42;You might find this useful.;Možno ti to bude užitočné.;;;
43;He didn’t know how to respond to that.;Nevedel, ako na to reagovať.;;;
44;She needs more time to consider her options.;Potrebuje viac času na zváženie svojich možností.;;;
45;They’re planning to move forward with this plan.;Plánujú pokračovať s týmto plánom.;;;
46;We weren’t able to finish everything.;Neboli sme schopní dokončiť všetko.;;;
47;I wasn’t expecting that outcome.;Neočakával som taký výsledok.;;;
48;You should ask for clarification.;Mali by ste požiadať o vysvetlenie.;;;
49;He’s trying to solve this issue.;Snaží sa vyriešiť tento problém.;;;
50;She didn’t understand why this happened.;Nerozumela, prečo sa to stalo.;;;
51;They need to improve their communication.;Potrebujú zlepšiť svoju komunikáciu.;;;
52;We’re not sure what caused this.;Nie sme si istí, čo to spôsobilo.;;;
53;I want to avoid any misunderstandings.;Chcem sa vyhnúť akýmkoľvek nedorozumeniam.;;;
54;You might need to change your approach.;Možno budeš musieť zmeniť svoj prístup.;;;
55;He’s waiting for your response.;Čaká na tvoju odpoveď.;;;
56;She’s trying to stay focused on her goals.;Snaží sa zostať sústredená na svoje ciele.;;;
57;They weren’t prepared to handle this.;Neboli pripravení to zvládnuť.;;;
58;We need to act quickly to fix this problem.;Musíme konať rýchlo, aby sme tento problém vyriešili.;;;
59;I didn’t mean to interrupt you.;Nemal som v úmysle ťa prerušiť.;;;
60;You should take responsibility for this.;Mali by ste za to prevziať zodpovednosť.;;;
61;He wasn’t aware of the situation.;Nebol si vedomý situácie.;;;
62;She needs to decide what’s best for her.;Potrebuje sa rozhodnúť, čo je pre ňu najlepšie.;;;
63;They’re trying to understand the situation.;Snažia sa pochopiť situáciu.;;;
64;We didn’t expect things to turn out this way.;Neočakávali sme, že to dopadne takto.;;;
65;I’m working on something new.;Pracujem na niečom novom.;;;
66;You need to focus on your priorities.;Musíš sa sústrediť na svoje priority.;;;
67;He’s trying to find a solution to this problem.;Snaží sa nájsť riešenie tohto problému.;;;
68;She didn’t expect this reaction.;Neočakávala takúto reakciu.;;;
69;They need to be more careful with this.;Musia byť opatrnejší.;;;
70;We should discuss this further.;Mali by sme to prediskutovať podrobnejšie.;;;
71;I’m not sure if this is the right choice.;Nie som si istý, či je to správna voľba.;;;
72;You might regret this decision.;Možno budeš toto rozhodnutie ľutovať.;;;
73;He’s trying to avoid conflict.;Snaží sa vyhnúť konfliktu.;;;
74;She’s looking for a better opportunity.;Hľadá lepšiu príležitosť.;;;
75;They didn’t realize the importance of this.;Neuvedomili si dôležitosť toho.;;;
76;We need to improve the process.;Musíme zlepšiť proces.;;;
77;I wasn’t ready to hear that.;Nebol som pripravený to počuť.;;;
78;You should think about the consequences.;Mali by ste premýšľať o dôsledkoch.;;;
79;He needs to explain his reasoning.;Potrebuje vysvetliť svoje dôvody.;;;
80;She wasn’t sure how to handle the situation.;Nebola si istá, ako situáciu zvládnuť.;;;
81;They’re trying to make things better.;Snažia sa veci zlepšiť.;;;
82;We didn’t know what to expect from them.;Nevedeli sme, čo od nich očakávať.;;;
83;I’m trying to be honest about this.;Snažím sa byť v tomto úprimný.;;;
84;You don’t need to worry about that.;Nemusíš sa o to obávať.;;;
85;He’s trying to stay calm under pressure.;Snaží sa zostať pokojný pod tlakom.;;;
86;She needs to improve her confidence.;Potrebuje zlepšiť svoje sebavedomie.;;;
87;They weren’t able to solve the problem.;Neboli schopní vyriešiť problém.;;;
88;We need to understand what’s going on.;Musíme pochopiť, čo sa deje.;;;
89;I wasn’t sure how to react to that.;Nebol som si istý, ako na to reagovať.;;;
90;You should focus on improving your skills.;Mali by ste sa sústrediť na zlepšenie svojich schopností.;;;
91;He didn’t expect to feel this way.;Neočakával, že sa bude cítiť takto.;;;
92;She’s trying to build something meaningful.;Snaží sa vybudovať niečo zmysluplné.;;;
93;They need to work on their weaknesses.;Potrebujú pracovať na svojich slabinách.;;;
94;We should find a better way to handle this.;Mali by sme nájsť lepší spôsob, ako to riešiť.;;;
95;I need to be honest with you.;Musím byť k tebe úprimný.;;;
96;You might want to reconsider your decision.;Možno budeš chcieť prehodnotiť svoje rozhodnutie.;;;
97;He’s trying to understand the problem.;Snaží sa pochopiť problém.;;;
98;She didn’t realize how important this was.;Neuvedomila si, aké dôležité to bolo.;;;
99;They’re trying to fix what went wrong.;Snažia sa opraviť to, čo sa pokazilo.;;;
100;We need to move forward despite this setback.;Musíme pokračovať napriek tomuto neúspechu.;;;
101;I’m not sure if I can finish this today.;Nie som si istý, či to dnes dokážem dokončiť.;;;
102;It seems to me that we need a new plan.;Zdá sa mi, že potrebujeme nový plán.;;;
103;Do you happen to know where the meeting is?;Neviete náhodou, kde je to stretnutie?;;;
104;I’m about to start my presentation.;Práve sa chystám začať svoju prezentáciu.;;;
105;It’s not as easy as it sounds.;Nie je to také ľahké, ako to znie.;;;
106;I’m having trouble logging into my account.;Mám problém prihlásiť sa do svojho účtu.;;;
107;Feel free to contact me anytime.;Neváhajte ma kedykoľvek kontaktovať.;;;
108;I’d like to point out that we are over budget.;Rád by som podotkol, že sme prekročili rozpočet.;;;
109;The thing is, I forgot my password.;Ide o to, že som zabudol heslo.;;;
110;I’m planning on taking a vacation in July.;Plánujem, že si v júli vezmem dovolenku.;;;
111;Is there any chance you could join us?;Je nejaká šanca, že by ste sa k nám pridali?;;;
112;It’s up to you to choose the restaurant.;Je na tebe, aby si vybral reštauráciu.;;;
113;I’m used to working late hours.;Som zvyknutý pracovať neskoro do noci.;;;
114;As far as I know, the flight is on time.;Pokiaľ viem, let ide načas.;;;
115;I’m looking for a way to improve my English.;Hľadám spôsob, ako si zlepšiť angličtinu.;;;
116;It takes a lot of practice to be perfect.;Vyžaduje si to veľa praxe, aby to bolo perfektné.;;;
117;I’ve decided to move to another city.;Rozhodol som sa presťahovať do iného mesta.;;;
118;It’s hard to say when they will arrive.;Ťažko povedať, kedy dorazia.;;;
119;I’m supposed to be there at 8 AM.;Mám tam byť o 8:00 ráno.;;;
120;I’m not in the mood for a long discussion.;Nemám náladu na dlhú diskusiu.;;;
121;It doesn't matter what happened yesterday.;Nezáleží na tom, čo sa stalo včera.;;;
122;I’ll let you know when I receive the email.;Dám ti vedieť, keď dostanem ten e-mail.;;;
123;I’m looking forward to our collaboration.;Teším sa na našu spoluprácu.;;;
124;It’s common to make mistakes at the beginning.;Je bežné robiť chyby na začiatku.;;;
125;I was wondering if you have a moment.;Zaujímalo by ma, či máte chvíľku čas.;;;
126;That’s why I need your help.;To je dôvod, prečo potrebujem tvoju pomoc.;;;
127;I can’t afford to buy a new laptop right now.;Nemôžem si dovoliť kúpiť nový notebook práve teraz.;;;
128;What do you think about the new design?;Čo si myslíš o tom novom dizajne?;;;
129;It turns out that the shop is closed.;Ukázalo sa, že obchod je zatvorený.;;;
130;I’m happy to announce the winners.;S radosťou oznamujem víťazov.;;;
131;Have you ever tried driving a sports car?;Skúšal si niekedy šoférovať športové auto?;;;
132;It’s time to make a final decision.;Je čas urobiť konečné rozhodnutie.;;;
133;I’m considering changing my career path.;Zvažujem zmenu svojej kariérnej cesty.;;;
134;I’m surprised that he remembered my name.;Som prekvapený, že si pamätal moje meno.;;;
135;I don't mind staying a bit longer.;Nevadí mi zostať o niečo dlhšie.;;;
136;What’s the point of arguing about this?;Aký má zmysel sa o tomto hádať?;;;
137;I’m sorry for the misunderstanding.;Ospravedlňujem sa za nedorozumenie.;;;
138;I’m grateful for all your support.;Som vďačný za všetku vašu podporu.;;;
139;Could you tell me how to get to the station?;Mohli by ste mi povedať, ako sa dostanem na stanicu?;;;
140;It’s worth visiting the local museum.;Oplatí sa navštíviť miestne múzeum.;;;
141;I’m not interested in buying anything today.;Nemám záujem si dnes nič kúpiť.;;;
142;It’s impossible to predict the future.;Je nemožné predpovedať budúcnosť.;;;
143;I’m afraid that I have some bad news.;Obávam sa, že mám zlé správy.;;;
144;How about grabing a coffee after work?;Čo tak skočiť na kávu po práci?;;;
145;I’m not sure what to say in this situation.;Nie som si istý, čo v tejto situácii povedať.;;;
146;I’m convinced that we can win this.;Som presvedčený, že toto môžeme vyhrať.;;;
147;It’s likely that the prices will go up.;Je pravdepodobné, že ceny pôjdu hore.;;;
148;I’m used to it by now.;Už som si na to zvykol.;;;
149;It makes no sense to quit now.;Nedáva zmysel teraz skončiť.;;;
150;I’m in charge of the marketing department.;Mám na starosti marketingové oddelenie.;;;
151;I’m not certain about the exact time.;Nie som si istý presným časom.;;;
152;It’s obvious that they are lying.;Je zrejmé, že klamú.;;;
153;I’m aware of the consequences.;Som si vedomý následkov.;;;
154;What if we try a different approach?;Čo ak skúsime iný prístup?;;;
155;I’m disappointed in the quality of this product.;Som sklamaný z kvality tohto produktu.;;;
156;It’s crucial to follow the instructions.;Je kľúčové dodržiavať inštrukcie.;;;
157;I’m willing to negotiate the price.;Som ochotný vyjednávať o cene.;;;
158;I’m looking forward to it very much.;Veľmi sa na to teším.;;;
159;It’s a waste of time to argue with him.;Je to strata času sa s ním hádať.;;;
160;I’m worried about the upcoming deadline.;Mám obavy z blížiaceho sa termínu.;;;
161;I’m exhausted from the long journey.;Som vyčerpaný z dlhej cesty.;;;
162;It’s no use complaining about the weather.;Nemá zmysel sťažovať sa na počasie.;;;
163;I’m curious about your opinion.;Som zvedavý na váš názor.;;;
164;I’m responsible for the final report.;Som zodpovedný za záverečnú správu.;;;
165;It’s better to double-check everything.;Je lepšie všetko si dvakrát skontrolovať.;;;
166;I’m confident that the results will be good.;Som si istý, že výsledky budú dobré.;;;
167;I’m ashamed of my behavior yesterday.;Hanbím sa za svoje včerajšie správanie.;;;
168;It’s unusual for her to be so quiet.;Je pre ňu nezvyčajné byť tak potichu.;;;
169;I’m proud of how you handled the situation.;Som hrdý na to, ako si zvládol tú situáciu.;;;
170;I’m fed up with this constant noise.;Mám po krk tohto neustáleho hluku.;;;
171;It’s necessary to update the software.;Je nevyhnutné aktualizovať softvér.;;;
172;I’m serious about moving abroad.;Myslím to vážne so sťahovaním sa do zahraničia.;;;
173;I’m involved in a volunteer program.;Som zapojený do dobrovoľníckeho programu.;;;
174;It’s unlikely to snow in April.;Je nepravdepodobné, že bude v apríli snežiť.;;;
175;I’m frustrated with the slow internet.;Som frustrovaný z pomalého internetu.;;;
176;I’m addicted to this new TV series.;Som závislý na tomto novom seriáli.;;;
177;It’s helpful to take notes during the lecture.;Je užitočné robiť si počas prednášky poznámky.;;;
178;I’m shocked by the high electricity bill.;Som šokovaný vysokým účtom za elektrinu.;;;
179;I’m satisfied with my current salary.;Som spokojný so svojím súčasným platom.;;;
180;It’s dangerous to walk here at night.;Je nebezpečné sa tu v noci prechádzať.;;;
181;I’m passionate about environmental issues.;Som zapálený pre otázky životného prostredia.;;;
182;I’m nervous about the job interview.;Som nervózny z pracovného pohovoru.;;;
183;It’s polite to hold the door for others.;Je slušné podržať dvere ostatným.;;;
184;I’m optimistic about our future success.;Som optimista ohľadom nášho budúceho úspechu.;;;
185;I’m capable of solving this problem.;Som schopný tento problém vyriešiť.;;;
186;It’s important to keep a healthy lifestyle.;Je dôležité udržiavať si zdravý životný štýl.;;;
187;I’m bored with doing the same tasks.;Nudí ma robiť tie isté úlohy.;;;
188;I’m confused by the complex instructions.;Som zmätený z tých zložitých inštrukcií.;;;
189;It’s great to have you here.;Je skvelé, že vás tu máme.;;;
190;I’m allergic to cat hair.;Som alergický na mačaciu srsť.;;;
191;I’m focused on finishing my studies.;Sústredím sa na dokončenie štúdia.;;;
192;It’s illegal to smoke in this area.;V tejto oblasti je zakázané fajčiť.;;;
193;I’m scared of heights.;Bojím sa výšok.;;;
194;I’m keen on learning new technologies.;Veľmi ma baví učiť sa nové technológie.;;;
195;It’s essential to sleep at least 7 hours.;Je nevyhnutné spať aspoň 7 hodín.;;;
196;I’m thankful for your advice.;Som vďačný za vašu radu.;;;
197;I’m suspicious of their sudden kindness.;Som podozrievavý voči ich náhlej láskavosti.;;;
198;It’s hard for me to trust him again.;Je pre mňa ťažké mu znova dôverovať.;;;
199;I’m impressed by your progress.;Som ohromený tvojím pokrokom.;;;
200;It’s nice of you to invite us.;Je to od vás milé, že ste nás pozvali.;;;
201;It’s about time you made up your mind.;Už je najvyšší čas, aby si sa rozhodol.;It’s about time you [past tense].;It's about time we left.;It's about time he found a job.
202;I’d rather you didn’t tell anyone about this.;Bol by som radšej, keby si o tomto nikomu nehovoril.;I’d rather you [past tense].;I'd rather you stayed here.;I'd rather she didn't come.
203;The more you practice, the easier it gets.;Čím viac trénuješ, tým je to jednoduchšie.;The [comparative], the [comparative].;The sooner, the better.;The more I know him, the more I like him.
204;I’m looking forward to catching up with you.;Teším sa, až ťa dobehnem (pokecáme o novinkách).;To catch up with someone.;We need to catch up soon.;Let's catch up over coffee.
205;I can’t help feeling that something is wrong.;Nemôžem si pomôcť, ale mám pocit, že niečo nie je v poriadku.;I can’t help [verb+ing].;I can't help laughing at his jokes.;She couldn't help crying.
206;It’s no use crying over spilled milk.;Nemá zmysel plakať nad rozliatym mliekom.;It’s no use [verb+ing].;It's no use trying to convince him.;It's no use waiting for the bus now.
207;I happened to overhear their conversation.;Náhoda chcela, že som si vypočul ich rozhovor.;I happened to [verb].;Do you happen to know where she is?;I happened to see him yesterday.
208;As far as I’m concerned, the matter is closed.;Pokiaľ ide o mňa, tá vec je uzavretá.;As far as I’m concerned...;As far as I'm concerned, you can stay.;As far as I know, he's still in London.
209;We might as well stay here until the rain stops.;Môžeme tu rovno zostať, kým neprestane pršať.;Might as well [verb].;We might as well start now.;You might as well tell the truth.
210;He’s on the verge of a nervous breakdown.;Je na pokraji nervového zrútenia.;On the verge of [noun/ing].;They are on the verge of signing the contract.;The species is on the verge of extinction.
211;I’m not in the mood for going out tonight.;Nemám náladu na to, aby som išiel večer von.;To be in the mood for [noun/ing].;Are you in the mood for a movie?;I'm not in the mood to talk right now.
212;Suppose you won the lottery, what would you do?;Predpokladajme, že by si vyhral lotériu, čo by si robil?;Suppose [past tense]...;Suppose he doesn't show up?;Suppose we went by train instead?
213;I’ve been tied up with work all day.;Celý deň som bol zavalený prácou.;To be tied up (busy).;I'm tied up at the moment.;She's tied up in a meeting.
214;It’s unlikely that they will agree to our terms.;Je nepravdepodobné, že pristúpia na naše podmienky.;It’s unlikely that...;It's unlikely to happen.;Is it unlikely that she will come?
215;I’ve run out of patience with them.;Došla mi s nimi trpezlivosť.;To run out of [something].;We've run out of milk.;I'm running out of time.
216;In spite of the weather, we went for a walk.;Napriek počasiu sme išli na prechádzku.;In spite of [noun/ing].;In spite of being tired, she worked late.;He failed in spite of his efforts.
217;It never occurred to me that he was lying.;Nikdy mi nenapadlo, že klame.;It (never) occurred to me that...;Did it occur to you to ask him?;It occurred to me that I forgot my keys.
218;I can’t make head or tail of this document.;Neviem z tohto dokumentu vyjsť (nerozumiem mu).;Can't make head or tail of [something].;I can't make head or tail of his handwriting.;We couldn't make head or tail of the map.
219;There’s no point in arguing with him.;Nemá zmysel sa s ním hádať.;There’s no point in [verb+ing].;What's the point of waiting?;There was no point in staying longer.
220;I’ll get around to fixing it eventually.;Nakoniec sa dostanem k tomu, aby som to opravil.;To get around to [verb+ing].;I haven't got around to reading that book yet.;When will you get around to doing your homework?
221;How come you didn’t tell me before?;Ako to, že si mi to nepovedal predtým?;How come [sentence]?;How come you're so late?;How come they didn't invite us?
222;Judging by his face, he’s not happy.;Súdiac podľa jeho tváre, nie je šťastný.;Judging by [something]...;Judging by the sky, it's going to rain.;Judging by her accent, she's from Australia.
223;I’m under the impression that we’ve met before.;Mám dojem, že sme sa už stretli.;To be under the impression that...;He was under the impression that the meeting was canceled.;I was under the impression you knew.
224;It stands to reason that they will be late.;Je logické (dáva to zmysel), že budú meškať.;It stands to reason that...;It stands to reason that prices will rise.;It stands to reason that if you don't study, you won't pass.
225;I’ve put off doing my taxes for too long.;Príliš dlho som odkladal podávanie daní.;To put off [verb+ing].;Don't put off until tomorrow what you can do today.;They put off the wedding until next year.
226;He takes after his father in many ways.;V mnohých ohľadoch sa podobá na svojho otca.;To take after someone.;Does she take after her mother?;He takes after his grandfather.
227;I can’t put my finger on what’s wrong.;Neviem presne pomenovať (ukázať), čo je zle.;To put one's finger on [something].;Something is different, but I can't put my finger on it.;I couldn't put my finger on the reason for my anxiety.
228;It’s hard to keep track of all the changes.;Je ťažké sledovať (mať prehľad o) všetky tie zmeny.;To keep track of [something].;How do you keep track of your expenses?;I've lost track of time.
229;I’d like to point out that we are over budget.;Rád by som poukázal na to, že sme nad rozpočtom.;To point out that...;She pointed out a mistake in the report.;I must point out that time is running out.
230;He’s been going through a lot lately.;V poslednom čase si toho veľa prešiel (zažil zlé veci).;To go through [something].;She went through a difficult divorce.;We are going through some changes at work.
231;You can count on me whenever you need help.;Môžeš so mnou rátať kedykoľvek budeš potrebovať pomoc.;To count on someone.;I'm counting on your support.;Can I count on you to be there?
232;What if we tried a different approach?;Čo keby sme skúsili iný prístup?;What if [past tense]?;What if it rains?;What if we don't succeed?
233;He’s been looking into the possibility of moving.;Skúmal možnosť sťahovania.;To look into [something].;The company is looking into new markets.;We are looking into ways to reduce costs.
234;I’ve been struggling to keep up with the workload.;Mám problém stíhať to pracovné zaťaženie.;To keep up with [something].;It's hard to keep up with technology.;Slow down, I can't keep up with you.
235;I’ve come to the conclusion that we need a change.;Dospel som k záveru, že potrebujeme zmenu.;To come to the conclusion that...;What conclusion did you come to?;I've come to the conclusion that he's right.
236;He ended up working for a rival company.;Skončilo to tak, že pracoval pre konkurenčnú firmu.;To end up [verb+ing].;We got lost and ended up in a small village.;How did you end up here?
237;It’s up to you to decide what to do next.;Je na tebe, aby si sa rozhodol, čo robiť ďalej.;It’s up to [someone] to [verb].;The choice is up to you.;It's not up to me to judge.
238;I didn’t mean to hurt your feelings.;Nechcel som zraniť tvoje city.;I didn't mean to [verb].;I didn't mean to wake you up.;He didn't mean to be rude.
239;I wish I had known about this earlier.;Kiežby som o tom vedel skôr.;I wish I had [past participle].;I wish I had more time.;I wish I hadn't said that.
240;He tends to exaggerate his achievements.;Má tendenciu zveličovať svoje úspechy.;To tend to [verb].;Prices tend to rise in summer.;I tend to get nervous before exams.
241;I can’t believe how much things have changed.;Nemôžem uveriť tomu, ako veľmi sa veci zmenili.;I can’t believe [how/what/that]...;I can't believe he's only twenty.;I can't believe it's already Friday.
242;He was taken aback by her reaction.;Bol zaskočený jej reakciou.;To be taken aback (surprised).;I was taken aback by the news.;She was taken aback by his rudeness.
243;I’ve been putting a lot of thought into this.;Veľa som nad tým premýšľal.;To put thought into [something].;You clearly put a lot of thought into this gift.;We need to put more thought into the plan.
244;Is there any chance of getting a discount?;Existuje nejaká šanca na získanie zľavy?;Is there any chance of [verb+ing]?;Is there any chance of rain?;Is there any chance that he will come?
245;I’m not sure if I can make it to the party.;Nie som si istý, či stihnem prísť na párty.;To make it to [somewhere/event].;Did you make it to the meeting on time?;I'm sorry, I can't make it tonight.
246;It’s a matter of time before they find out.;Je to otázka času, kým na to prídu.;It’s a matter of time before...;It's only a matter of time.;It's a matter of life and death.
247;I’m not very good at small talk.;Nie som veľmi dobrý v nezáväznej konverzácii.;To be good/bad at [something].;He's good at solving problems.;She's not very good at keeping secrets.
248;He’s been looking for a way out of the situation.;Hľadal spôsob, ako sa z tej situácie dostať.;A way out of [something].;There's no way out.;We need to find a way out of this mess.
249;I’m not in a position to give you advice.;Nie som v pozícii, aby som ti dával rady.;To be in a position to [verb].;I'm not in a position to help you right now.;Are you in a position to sign the contract?
250;It goes without saying that we will help.;Netreba ani hovoriť (je to samozrejmé), že pomôžeme.;It goes without saying that...;It goes without saying that you're invited.;It goes without saying that safety comes first.
251;I’ve been trying to get hold of you all morning.;Celé ráno som sa ťa snažil zastihnúť.;To get hold of [someone].;Where can I get hold of a copy?;I finally got hold of him yesterday.
252;How do you go about finding a new job?;Ako postupuješ pri hľadaní novej práce?;To go about [doing something].;How should I go about applying?;He went about his business as usual.
253;I’m looking forward to seeing how it turns out.;Teším sa na to, ako to dopadne.;To turn out (result).;It turned out better than expected.;As it turned out, he was right.
254;I’ve been trying to keep a low profile lately.;V poslednom čase som sa snažil byť nenápadný.;To keep a low profile.;He's keeping a low profile until the scandal blows over.;I prefer to keep a low profile at work.
255;It’s a long shot, but it might work.;Je to málo pravdepodobné, ale mohlo by to fungovať.;A long shot.;Winning the lottery is a long shot.;It's a long shot, but let's try it anyway.
256;He’s been having second thoughts about the move.;Mal pochybnosti (prehodnocoval) o tom sťahovaní.;To have second thoughts.;Are you having second thoughts?;I'm having second thoughts about buying that car.
257;I’m not sure what you’re getting at.;Nie som si istý, kam tým mieriš.;To get at (imply).;What are you getting at?;I don't know what she's getting at.
258;It’s hard to tell the difference between them.;Je ťažké rozoznať medzi nimi rozdiel.;To tell the difference between...;Can you tell the difference?;It's hard to tell the difference between real and fake.
259;I’ve been trying to get my point across.;Snažil som sa objasniť (presadiť) svoj názor.;To get one's point across.;It's hard to get your point across in a large meeting.;He finally got his point across.
260;How long has this been going on?;Ako dlho to už trvá?;To go on (happen/continue).;What's going on?;This can't go on any longer.
261;I’ve been looking for an excuse to visit you.;Hľadal som zámienku, aby som ťa navštívil.;An excuse to [verb].;I need an excuse to leave.;He's always looking for an excuse to complain.
262;It’s high time we did something about it.;Je najvyšší čas, aby sme s tým niečo urobili.;It’s high time [past tense].;It's high time you cleaned your room.;It's high time the government took action.
263;I’m not as young as I used to be.;Už nie som taký mladý, ako som býval.;Not as [adjective] as [someone] used to be.;I'm not as fit as I used to be.;The town isn't as quiet as it used to be.
264;He’s been trying to get away with it for years.;Roky sa mu to snažilo prejsť (bez trestu).;To get away with [something].;He thought he could get away with murder.;How did she get away with it?
265;I’m not sure if I can pull it off.;Nie som si istý, či to zvládnem (úspešne dokončím).;To pull it off.;It was a difficult task, but they pulled it off.;Do you think you can pull it off?
266;It’s only a matter of time before he gives up.;Je to len otázka času, kým sa vzdá.;To give up.;Don't give up!;He gave up smoking last year.
267;I’ve been trying to figure out a way to help.;Snažil som sa prísť na spôsob, ako pomôcť.;To figure out [something].;I can't figure out how to use this machine.;We need to figure out what to do next.
268;It’s not as easy as it looks.;Nie je to také jednoduché, ako to vyzerá.;Not as [adjective] as it looks.;Cooking isn't as easy as it looks.;It's not as simple as it seems.
269;He’s been trying to make up for lost time.;Snažil sa dohnať stratený čas.;To make up for [something].;Nothing can make up for the loss of a loved one.;I'm trying to make up for my mistake.
270;I’m not sure what the future holds.;Nie som si istý, čo prinesie budúcnosť.;What the future holds.;Who knows what the future holds?;Whatever the future holds, we'll face it together.
271;He’s been trying to get over his ex-girlfriend.;Snažil sa preniesť cez svoju bývalú priateľku.;To get over [someone/something].;It took her a long time to get over the flu.;I can't get over how much he's grown.
272;I’m not sure if I should go or stay.;Nie som si istý, či mám ísť alebo zostať.;Whether to [verb] or [verb].;I don't know whether to laugh or cry.;We haven't decided whether to buy it or not.
273;It’s hard to keep a straight face.;Je ťažké zachovať vážnu tvár.;To keep a straight face.;I couldn't keep a straight face when he told the joke.;It's important to keep a straight face during the interview.
274;He’s been trying to get his act together.;Snažil sa dať dokopy (začať sa správať zodpovedne).;To get one's act together.;You need to get your act together if you want to keep your job.;I'm finally getting my act together.
275;I’m not sure if I can count on him.;Nie som si istý, či s ním môžem počítať.;To count on [someone].;I'm counting on you!;Can I count on your help?
276;It’s hard to put into words how I feel.;Je ťažké vyjadriť slovami, ako sa cítim.;To put into words.;I can't put into words how grateful I am.;Some things are hard to put into words.
277;He’s been trying to get his point across.;Snažil sa objasniť svoju pointu.;To get one's point across.;I'm trying to get my point across.;Did you get your point across?
278;I’m not sure if I can make it.;Nie som si istý, či to zvládnem (stihnem/dokážem).;To make it.;I'm sorry, I can't make it.;We made it just in time!
279;It’s hard to keep up with the news.;Je ťažké držať krok so správami.;To keep up with [something].;I can't keep up with all the changes.;It's hard to keep up with him.
280;He’s been trying to get a head start.;Snažil sa získať náskok.;A head start.;We need a head start.;Giving him a head start was a mistake.
281;I’m not sure if I can afford it.;Nie som si istý, či si to môžem dovoliť.;To afford [something].;I can't afford to buy a new car.;Can you afford it?
282;It’s hard to get used to the cold weather.;Je ťažké zvyknúť si na chladné počasie.;To get used to [something/doing something].;I'm getting used to it.;Have you got used to your new job yet?
283;He’s been trying to get rid of his old car.;Snažil sa zbaviť svojho starého auta.;To get rid of [something].;I need to get rid of these old clothes.;How can I get rid of this headache?
284;I’m not sure if I should tell him.;Nie som si istý, či mu to mám povedať.;Whether to [verb].;I'm not sure whether to go.;I don't know whether to tell her.
285;It’s hard to keep a secret.;Je ťažké udržať tajomstvo.;To keep a secret.;Can you keep a secret?;I'm not very good at keeping secrets.
286;He’s been trying to get in touch with you.;Snažil sa s tebou spojiť.;To get in touch with [someone].;I'll get in touch with you soon.;How can I get in touch with him?
287;I’m not sure if I can trust him.;Nie som si istý, či mu môžem dôverovať.;To trust [someone].;I trust you.;Can I trust him?
288;It’s hard to believe it’s already over.;Je ťažké uveriť, že už je po všetkom.;It's hard to believe [sentence].;I can't believe it.;It's hard to believe he's gone.
289;He’s been trying to get a promotion.;Snažil sa o povýšenie.;To get a promotion.;I hope I get a promotion.;She got a promotion last month.
290;I’m not sure if I can handle it.;Nie som si istý, či to zvládnem (uniesiem/vyriešim).;To handle [something].;I can handle it.;Can you handle the pressure?
291;It’s hard to make a decision.;Je ťažké urobiť rozhodnutie.;To make a decision.;Have you made a decision yet?;It's a difficult decision to make.
292;He’s been trying to get his life back on track.;Snažil sa vrátiť svoj život do starých koľají.;Back on track.;We need to get the project back on track.;Everything is back on track now.
293;I’m not sure if I should laugh or cry.;Nie som si istý, či sa mám smiať alebo plakať.;Whether to [verb] or [verb].;I don't know whether to laugh or cry.;It was so funny I didn't know whether to laugh or cry.
294;It’s hard to keep track of time.;Je ťažké sledovať čas.;To keep track of time.;I've lost track of time.;How do you keep track of time?
295;He’s been trying to get his point across.;Snažil sa objasniť svoju pointu.;To get one's point across.;I'm trying to get my point across.;Did you get your point across?
296;I’m not sure if I can make it to the meeting.;Nie som si istý, či stihnem prísť na stretnutie.;To make it to [somewhere].;I can't make it.;Did you make it?
297;It’s hard to keep up with the demand.;Je ťažké držať krok s dopytom.;To keep up with [something].;We can't keep up with the demand.;It's hard to keep up with him.
298;He’s been trying to get a refund.;Snažil sa o vrátenie peňazí.;To get a refund.;Can I get a refund?;I'd like a refund, please.
299;I’m not sure if I should accept the offer.;Nie som si istý, či mám prijať ponuku.;Whether to [verb].;I'm not sure whether to accept.;I don't know whether to go.
300;It’s hard to imagine what it was like.;Je ťažké si predstaviť, aké to bolo.;To imagine [what/how].;Can you imagine?;I can't imagine living there.
301;Could you walk me through the process?;Mohli by ste mi vysvetliť tento proces?;Could you walk me through the steps?;He walked me through the software setup.;Can you walk me through your plan?
302;I was wondering if you could help me.;Zaujímalo by ma, či by ste mi mohli pomôcť.;I was wondering if you could help me.;She was wondering if you are free tonight.;I was wondering if you have a minute.
303;What's your take on the situation?;Aký je váš názor na túto situáciu?;What's your take on the new design?;I'd like to hear your take on this idea.;What's his take on the whole situation?
304;Correct me if I'm wrong but I thought we agreed.;Opravte ma, ak sa mýlim, ale myslel som, že sme sa dohodli.;Correct me if I'm wrong but is it due today?;Correct me if I'm wrong but we met before.;Correct me if I'm wrong but we are late.
305;I haven't got around to it yet.;Ešte som sa k tomu nedostal.;I haven't got around to fixing it yet.;He hasn't got around to reading that book.;She finally got around to cleaning the house.
306;Does that make sense to you now?;Dáva vám to teraz zmysel?;Does that make sense to you or should I explain?;Does that make sense to your team?;It doesn't make any sense to me.
307;I'd like to follow up on our meeting.;Rád by som nadviazal na naše stretnutie.;I'd like to follow up on our last conversation.;Can we follow up on this tomorrow morning?;I'm following up on my previous email.
308;How are you getting on with your work?;Ako sa vám darí v práci?;How are you getting on with your English?;How is she getting on with her new job?;How are you getting on with your studies?
309;I'm not quite sure I follow you.;Nie som si celkom istý, či vám rozumiem.;I'm not quite sure I follow your logic.;I don't follow your explanation at all.;He didn't follow the explanation.
310;It's not a big deal but I need it.;Nie je to nič veľké, ale potrebujem to.;It's not a big deal but you're a bit late.;Don't worry it's not a big deal for us.;Is it a big deal if I change it?
311;What do you mean by that statement?;Čo týmto tvrdením myslíte?;"What do you mean by ""expensive""?";"What do you mean by ""working late""?";I don't know what you mean by that.
312;As I mentioned earlier today.;Ako som už dnes spomínal.;As I mentioned earlier the shop is closed.;As I mentioned earlier we need more time.;As she mentioned the shop is closed.
313;In other words we are failing.;Inými slovami, zlyhávame.;In other words we are staying home.;In other words the deal is off.;It's too expensive in other words no.
314;I'm torn between these two options.;Som rozpoltený medzi týmito dvoma možnosťami.;I'm torn between the two options.;She's torn between staying and leaving.;I'm torn between staying here or moving.
315;How did you come up with that idea?;Ako ste prišli na tento nápad?;How did you come up with this idea?;We need to come up with a new plan.;She came up with a great solution.
316;I'd appreciate it if you could call.;Ocenil by som, keby ste mohli zavolať.;I'd appreciate it if you could call me back.;We'd appreciate your feedback on this.;I really appreciate your help.
317;Let's move on to the next topic.;Prejdime k ďalšej téme.;Let's move on to the next item on the list.;They moved on to the final stage.;They moved on to the next chapter.
318;It's worth noting that time is short.;Stojí za zmienku, že čas sa kráti.;It's worth noting that the price has changed.;One thing worth noting is the timing.;It is worth noting the difference here.
319;Could you be more specific about it?;Mohli by ste byť v tom konkrétnejší?;Could you be more specific about the location?;I need you to be more specific.;She wasn't very specific about the plan.
320;I'll look into it and let you know.;Pozriem sa na to a dám vám vedieť.;I'll look into it and let you know by tomorrow.;The manager is looking into the problem.;We are looking into ways to reduce costs.
321;It's out of the question for us.;To pre nás neprichádza do úvahy.;Asking for a refund is out of the question.;Moving now is out of the question.;That option is completely out of the question.
322;To the best of my knowledge he is gone.;Podľa mojich vedomostí je už preč.;To the best of my knowledge he's still here.;Everything is correct to my knowledge.;To my knowledge the flight is on time.
323;What's the best way to handle this?;Aký je najlepší spôsob, ako to vyriešiť?;What's the best way to get to the airport?;Can you tell me the best way to fix this?;What's the best way to learn English?
324;I'm not in a rush today.;Dnes sa nikam neponáhľam.;Take your time I'm not in a rush.;Are you in a rush to leave the house?;We are in a bit of a rush today.
325;Speaking of which have you seen him?;Keď už o tom hovoríme, videli ste ho?;Speaking of which have you seen the news?;It's raining and speaking of which where is my umbrella?;We're hiring and speaking of which are you interested?
326;That's a good point to consider.;To je dobrý bod na zváženie.;That's a good point I hadn't thought of that.;He raised some interesting points today.;That's a good point for our discussion.
327;I'm having second thoughts about it.;Začínam o tom mať pochybnosti.;I'm having second thoughts about buying it.;She had second thoughts at the last minute.;I'm having second thoughts about the move.
328;Just to clarify our position.;Len aby som ujasnil náš postoj.;Just to clarify are we meeting at five?;I'd like to clarify my position on this.;Let me clarify my position again.
329;It's a win-win situation for all.;Je to situácia výhodná pre všetkých.;It's a win-win situation for both companies.;We are looking for a win-win solution.;It turned out to be a win-win for all.
330;On the bright side it is over.;Z tej lepšej stránky, už je po všetkom.;On the bright side at least it's not raining.;Look on the bright side at least we tried.;On the bright side we finished early.
331;I'm on it right now.;Už na tom pracujem.;Need help with that? I'm on it!;Don't worry about the coffee I'm on it.;He said he's on it right now.
332;Could you give me a hand with this?;Mohli by ste mi s týmto pomôcť?;Could you give me a hand with these boxes?;Can you give me a hand in the kitchen?;Could you give me a hand with the bags?
333;I'll get back to you on that later.;Ešte sa vám k tomu neskôr vyjadrím.;I'll get back to you on that after the meeting.;She will get back to you on that later.;I'll get back to you on that tomorrow.
334;It's none of my business but be careful.;Nič ma do toho nie je, ale buďte opatrní.;It's none of my business but why did he leave?;It's none of my business but why are you crying?;It's none of my business but why did you quit?
335;How long does it usually take to fix?;Ako dlho zvyčajne trvá oprava?;How long does it usually take to get there?;It usually takes an hour to get to the city.;It takes a long time to learn a language.
336;I'm looking forward to it.;Teším sa na to.;I'm looking forward to seeing you.;We are looking forward to our holiday.;I'm looking forward to our collaboration.
337;It's up in the air at the moment.;Momentálne je to ešte neisté.;The holiday plans are still up in the air.;The project details are still up in the air.;Everything is still up in the air.
338;Let's call it a day for now.;Na dnes skončime.;It's getting late let's call it a day.;We are all tired so let's call it a day.;It's five o'clock so let's call it a day.
339;I'm not sure if I can make it.;Nie som si istý, či to stihnem.;I'm not sure if I can make it to the party.;He's not sure if he can make it today.;I'm sorry I can't make it tonight.
340;What are the chances of success?;Aké sú šance na úspech?;What are the chances of winning the lottery?;The chances of rain are very high.;What are the chances of a promotion?
341;I'd like to point out that mistake.;Rád by som poukázal na tú chybu.;I'd like to point out that we're over budget.;She pointed out a mistake in the report.;I must point out that time is running out.
342;It's a common misconception that it is easy.;Je to bežný omyl, že je to jednoduché.;It's a common misconception that cats hate water.;It's a common misconception that pigs are dirty.;It's a common misconception that bats are blind.
343;I'm not familiar with this place.;Toto miesto nepoznám.;I'm not familiar with this software.;Are you familiar with the local laws?;I'm not familiar with the new rules.
344;Can you keep me posted on this?;Môžete ma o tom priebežne informovať?;Can you keep me posted on the results?;Please keep me posted on any changes.;Keep me posted on the project status.
345;It's a matter of priority for me.;Pre mňa je to otázka priority.;It's a matter of priority for us right now.;Safety is a matter of priority for us.;It's a matter of priority for the company.
346;I'll take care of it immediately.;Okamžite sa o to postarám.;I'll take care of the booking.;The company will take care of the costs.;Who is going to take care of the dog?
347;What's the hold-up with the project?;Kde to viazne s tým projektom?;What's the hold-up with the delivery?;Do you know what the hold-up is?;I don't know what the hold-up is about.
348;I'm running a bit behind schedule.;Mám trochu sklzu oproti plánu.;I'm running a bit behind schedule today.;We are running behind schedule with the audit.;The train is running behind schedule.
349;Let's wrap things up quickly.;Poďme to rýchlo ukončiť.;Let's wrap things up and go home.;Let's wrap things up before the boss arrives.;Let's wrap things up and go to lunch.
350;I'm not in the position to decide.;Nie som v pozícii, aby som rozhodoval.;I'm not in the position to offer a discount.;I'm not in the position to offer you a job.;Are you in a position to sign this?
351;It's not exactly what I had in mind.;Nie je to presne to, čo som mal na mysli.;It's not exactly what I had in mind for the logo.;That's not exactly what I had in mind for dinner.;It's not exactly what I had in mind for us.
352;I'll give it some thought tonight.;Dnes večer nad tým popremýšľam.;I'll give it some thought and call you later.;Give it some thought before you decide.;I'll give it some thought and let you know.
353;Don't get me wrong but I disagree.;Nechápte ma zle, ale nesúhlasím.;Don't get me wrong but it needs more work.;Don't get me wrong but I think it's too expensive.;Don't get me wrong but it's not good enough.
354;I'm all for it if you agree.;Ak súhlasíte, som všetkými desiatimi za.;I'm all for it if it saves us time.;They are all for it if the price is right.;I'm all for it if it helps people.
355;It's a bit of a stretch to say that.;Tvrdiť toto je trochu prehnané.;It's a bit of a stretch to say it's perfect.;It's a bit of a stretch to call him a genius.;It's a bit of a stretch to say it's easy.
356;How do you feel about the change?;Čo si myslíte o tej zmene?;How do you feel about the proposal?;How do you feel about moving abroad?;How do you feel about the new boss?
357;I'm not quite ready yet.;Ešte nie som celkom pripravený.;I'm not quite ready yet give me five minutes.;I'm not quite ready to start the presentation.;I'm not quite ready to go out yet.
358;It's better than nothing I suppose.;Predpokladám, že je to lepšie ako nič.;It's better than nothing right?;It's better than nothing for the start.;It's better than nothing for now.
359;I'll see what I can do for you.;Uvidím, čo pre vás môžem urobiť.;I'll see what I can do about the price.;I'll see what I can do for your friend.;I'll see what I can do to help you.
360;What's the catch in this deal?;V čom je v tejto dohode háčik?;It sounds too good what's the catch?;There must be a catch somewhere.;I knew there was a catch somewhere.
361;I'm at a loss for words.;Nenachádzam slov.;I'm at a loss for words after that news.;She was at a loss for words when she won.;We were all at a loss for words.
362;It's not worth the effort.;Nestojí to za tú námahu.;It's not worth the effort to fix it.;It's not worth the effort to try again.;It's not worth the effort to go there.
363;I'll keep that in mind.;Budem na to myslieť.;I'll keep that in mind for the future.;I'll keep that in mind when I speak to him.;I'll keep that in mind for the meeting.
364;How much do I owe you for this?;Koľko vám za toto dlžím?;How much do I owe you for the coffee?;How much do I owe you for the tickets?;How much do I owe you for the lunch?
365;I'm not sure I can afford it.;Nie som si istý, či si to môžem dovoliť.;I'm not sure I can afford a new laptop.;We are not sure we can afford a new car.;I'm not sure I can afford a holiday.
366;It's a piece of cake for me.;Je to pre mňa hračka.;The exam was a piece of cake.;Finding the keys was a piece of cake.;Learning this was a piece of cake.
367;I'll get in touch with you soon.;Čoskoro sa s vami spojím.;I'll get in touch with you next week.;I'll get in touch with you via email.;I'll get in touch with you after work.
368;What's the point of waiting?;Aký má zmysel čakať?;What's the point of waiting any longer?;What's the point of arguing about it?;What's the point of doing this?
369;I'm not in the mood for it.;Nemám na to náladu.;I'm not in the mood for a long walk.;I'm not in the mood for a movie tonight.;I'm not in the mood for a long talk.
370;It's out of my hands now.;Teraz je to už mimo mojej kontroly.;I'm sorry it's out of my hands.;The decision is out of my hands.;I'm sorry it's out of my hands now.
371;I'll do my best to help.;Urobím všetko pre to, aby som pomohol.;I'll do my best to finish it on time.;We will do our best to help you.;I'll do my best to solve it.
372;What's your opinion on this matter?;Aký je váš názor na túto vec?;What's your opinion on the new law?;I'd like to hear your opinion on the matter.;What's your opinion on the new design?
373;I'm not sure I understand you.;Nie som si istý, či vám rozumiem.;I'm not sure I understand the question.;I don't think they understand the problem.;I'm not sure I understand the task.
374;It's about time we left.;Už bol čas, aby sme odišli.;It's about time you arrived!;It's about time you found a job.;It's about time he arrived home.
375;I'll let you know the results.;Dám vám vedieť výsledky.;I'll let you know as soon as I hear something.;I'll let you know when I receive the email.;I'll let you know as soon as I can.
376;What's the difference between them?;Aký je medzi nimi rozdiel?;What's the difference between these two?;Is there any difference between them?;What's the difference between the two?
377;I'm not sure I agree with that.;Nie som si istý, či s tým súhlasím.;I'm not sure I agree with your statement.;I'm not sure I agree with your methods.;I'm not sure I agree with him.
378;It's not my fault you are late.;Nie je to moja chyba, že meškáte.;It's not my fault that the train was late.;It's not my fault that you forgot.;It's not my fault you failed.
379;I'll be right back in a minute.;O minútu som hneď späť.;I'll be right back with your water.;I'll be right back with the menu.;I'll be right back with your coffee.
380;What's going on here?;Čo sa tu deje?;What's going on in the office?;What's going on in the garden?;What's going on in the city today?
381;I'm not sure I can help.;Nie som si istý, či môžem pomôcť.;I'm not sure I can help with this problem.;I'm not sure I can help with your homework.;I'm not sure I can help you today.
382;It's a waste of time.;Je to strata času.;It's a waste of time to argue with him.;It's a waste of time to wait for him.;It's a waste of time to wait here.
383;I'll think about it.;Premyslím si to.;I'll think about it and let you know.;I'll think about it and tell you tomorrow.;I'll think about it and call you.
384;What's the matter with him?;Čo je s ním?;What's the matter with your car?;What's the matter with your phone?;What's the matter with your computer?
385;I'm not sure I'm ready.;Nie som si istý, či som pripravený.;I'm not sure I'm ready for the interview.;I'm not sure I'm ready to move out.;I'm not sure I'm ready for this.
386;It's not as easy as it looks.;Nie je to také ľahké, ako to vyzerá.;It's not as easy as it looks on TV.;It's not as easy as it looks at first.;It's not as easy as it seems.
387;I'll take a look at it.;Pozriem sa na to.;I'll take a look at the report now.;I'll take a look at the car tomorrow.;I'll take a look at it later today.
388;What's the plan for today?;Aký je plán na dnes?;What's the plan for the weekend?;What's the plan for our summer holiday?;What's the plan for next week?
389;I'm not sure I can do that.;Nie som si istý, či to dokážem urobiť.;I'm not sure I can do that right now.;I'm not sure I can do that for you.;I'm not sure I can do that for you.
390;It's a long story.;To je dlhý príbeh.;It's a long story I'll tell you later.;It's a long story but we made it.;It's a long story I'll tell you then.
391;I'll talk to you later.;Ozvem sa vám neskôr.;I'll talk to you later I'm busy now.;I'll talk to you later after the meeting.;I'll talk to you later have a nice day.
392;What's the problem with it?;V čom je s tým problém?;What's the problem with the internet?;What's the problem with the new system?;What's the problem with the car?
393;I'm not sure I'm following.;Nie som si istý, či rozumiem.;I'm not sure I'm following your argument.;I don't think you are following me.;I'm not sure I'm following you now.
394;It's not a problem at all.;Nie je to vôbec žiadny problém.;It's not a problem I can do it.;It's not a problem for me to help.;It's not a problem for me at all.
395;I'll handle it for you.;Vybavím to za vás.;I'll handle it from here.;I'll handle it once I get home.;I'll handle it as soon as possible.
396;What's the deadline for this?;Aký je na toto termín?;What's the deadline for the application?;What's the deadline for the final report?;What's the deadline for the task?
397;I'm not sure I've heard of it.;Nie som si istý, či som o tom počul.;I'm not sure I've heard of that company.;I'm not sure I've heard of that movie.;I'm not sure I've heard of that place.
398;It's not worth it.;Nestojí to za to.;It's not worth it to buy a cheap phone.;It's not worth it to fix this old TV.;It's not worth it to wait any longer.
399;I'll check it out.;Preverím to.;I'll check it out and get back to you.;I'll check it out on the website.;I'll check it out and let you know.
400;What's the reason for it?;Aký je na to dôvod?;What's the reason for the delay?;What's the reason for your absence?;What's the reason for the meeting?
401;;;;;
402;;;;;
403;;;;;
404;;;;;
405;;;;;
406;;;;;
407;;;;;
408;;;;;
409;;;;;
410;;;;;
411;;;;;
412;;;;;
413;;;;;
414;;;;;
415;;;;;
416;;;;;
417;;;;;
418;;;;;
419;;;;;
420;;;;;
421;;;;;
422;;;;;
423;;;;;
424;;;;;
425;;;;;
426;;;;;
427;;;;;
428;;;;;
429;;;;;
430;;;;;
431;;;;;
432;;;;;
433;;;;;
434;;;;;
435;;;;;
436;;;;;
437;;;;;
438;;;;;
439;;;;;
440;;;;;
441;;;;;
442;;;;;
443;;;;;
444;;;;;
445;;;;;
446;;;;;
447;;;;;
448;;;;;
449;;;;;
450;;;;;
451;;;;;
452;;;;;
453;;;;;
454;;;;;
455;;;;;
456;;;;;
457;;;;;
458;;;;;
459;;;;;
460;;;;;
461;;;;;
462;;;;;
463;;;;;
464;;;;;
465;;;;;
466;;;;;
467;;;;;
468;;;;;
469;;;;;
470;;;;;
471;;;;;
472;;;;;
473;;;;;
474;;;;;
475;;;;;
476;;;;;
477;;;;;
478;;;;;
479;;;;;
480;;;;;
481;;;;;
482;;;;;
483;;;;;
484;;;;;
485;;;;;
486;;;;;
487;;;;;
488;;;;;
489;;;;;
490;;;;;
491;;;;;
492;;;;;
493;;;;;
494;;;;;
495;;;;;
496;;;;;
497;;;;;
498;;;;;
499;;;;;
500;;;;;
501;;;;;